INSERT INTO `users`(`id_user`, `username`, `password`, `email`, `role`, `verify`, `verify_code`) VALUES
('TD100000','employer1','06bebb17b6ae6d97b61cea1b3b581e29','employer1@gmail.com','1','1','000000'),
('TD100001','employer2','06bebb17b6ae6d97b61cea1b3b581e29','employer2@gmail.com','1','1','000000'),
('TD100002','employer3','06bebb17b6ae6d97b61cea1b3b581e29','employer3@gmail.com','1','1','000000'),
('TD100003','employer4','06bebb17b6ae6d97b61cea1b3b581e29','employer4@gmail.com','1','1','000000'),
('TD100004','employer5','06bebb17b6ae6d97b61cea1b3b581e29','employer5@gmail.com','1','1','000000'),
('TD100005','employer6','06bebb17b6ae6d97b61cea1b3b581e29','employer6@gmail.com','1','1','000000'),
('TD100006','employer7','06bebb17b6ae6d97b61cea1b3b581e29','employer7@gmail.com','1','1','000000'),
('TD100007','employer8','06bebb17b6ae6d97b61cea1b3b581e29','employer8@gmail.com','1','1','000000'),
('TD100008','employer9','06bebb17b6ae6d97b61cea1b3b581e29','employer9@gmail.com','1','1','000000'),
('TD100009','employer10','06bebb17b6ae6d97b61cea1b3b581e29','employer10@gmail.com','1','1','000000'),
('TD100010','employer11','06bebb17b6ae6d97b61cea1b3b581e29','employer11@gmail.com','1','1','000000'),
('TD100011','employer12','06bebb17b6ae6d97b61cea1b3b581e29','employer12@gmail.com','1','1','000000'),
('TD100012','employer13','06bebb17b6ae6d97b61cea1b3b581e29','employer13@gmail.com','1','1','000000'),
('TD100013','employer14','06bebb17b6ae6d97b61cea1b3b581e29','employer14@gmail.com','1','1','000000'),
('TD100014','employer15','06bebb17b6ae6d97b61cea1b3b581e29','employer15@gmail.com','1','1','000000'),
('TD100015','employer16','06bebb17b6ae6d97b61cea1b3b581e29','employer16@gmail.com','1','1','000000'),
('TD100016','employer17','06bebb17b6ae6d97b61cea1b3b581e29','employer17@gmail.com','1','1','000000'),
('TD100017','employer18','06bebb17b6ae6d97b61cea1b3b581e29','employer18@gmail.com','1','1','000000'),
('TD100018','employer19','06bebb17b6ae6d97b61cea1b3b581e29','employer19@gmail.com','1','1','000000'),
('TD100019','employer20','06bebb17b6ae6d97b61cea1b3b581e29','employer20@gmail.com','1','1','000000'),
('TD100020','employer21','06bebb17b6ae6d97b61cea1b3b581e29','employer21@gmail.com','1','1','000000'),
('TD100021','employer22','06bebb17b6ae6d97b61cea1b3b581e29','employer22@gmail.com','1','1','000000'),
('TD100022','employer23','06bebb17b6ae6d97b61cea1b3b581e29','employer23@gmail.com','1','1','000000'),
('TD100023','employer24','06bebb17b6ae6d97b61cea1b3b581e29','employer24@gmail.com','1','1','000000'),
('TD100024','employer25','06bebb17b6ae6d97b61cea1b3b581e29','employer25@gmail.com','1','1','000000'),
('TD100025','employer26','06bebb17b6ae6d97b61cea1b3b581e29','employer26@gmail.com','1','1','000000'),
('TD100026','employer27','06bebb17b6ae6d97b61cea1b3b581e29','employer27@gmail.com','1','1','000000'),
('TD100027','employer28','06bebb17b6ae6d97b61cea1b3b581e29','employer28@gmail.com','1','1','000000'),
('TD100028','employer29','06bebb17b6ae6d97b61cea1b3b581e29','employer29@gmail.com','1','1','000000'),
('TD100029','employer30','06bebb17b6ae6d97b61cea1b3b581e29','employer30@gmail.com','1','1','000000'),
('TD100030','employer31','06bebb17b6ae6d97b61cea1b3b581e29','employer31@gmail.com','1','1','000000')

INSERT INTO `employer`(`fullname`, `gender`, `phone_number`, `image`, `id_user`, `id_corp`) VALUES 
('Trần Văn An','0','0984111111','ps3.jpg','TD100000','CT00000001'),
('Nguyễn Thị Ngọc','1','0984111111','ps3.jpg','TD100001','CT00000002'),
('Bùi Lê Anh Thảo','0','0984111111','ps3.jpg','TD100002','CT00000003'),
('Lê Viết Tiến','0','0984111111','ps3.jpg','TD100003','CT00000004'),
('Trịnh Tuấn Minh','0','0984111111','ps3.jpg','TD100004','CT00000005'),
('Lê Văn An','0','0984111111','ps3.jpg','TD100005','CT00000006'),
('Lê Nghĩa','0','0984111111','ps3.jpg','TD100006','CT00000007'),
('Lê Thị Ánh Ly','1','0984111111','ps3.jpg','TD100007','CT00000008'),
('Lê Ngọc Đạt','0','0984111111','ps3.jpg','TD100008','CT00000009'),
('Trần Viết Thuận','0','0984111111','ps3.jpg','TD100009','CT00000010'),
('Trần Ngọc Song','0','0984111111','ps3.jpg','TD100010','CT00000011'),
('Trần Văn Nam','0','0984111111','ps3.jpg','TD100011','CT00000012'),
('Trần Ngọc','0','0984111111','ps3.jpg','TD100012','CT00000013'),
('Nguyễn Tiến Linh','0','0984111111','ps3.jpg','TD100013','CT00000014'),
('Nguyễn Thị Lành','1','0984111111','ps3.jpg','TD100014','CT00000015'),
('Nguyễn Lê Anh Vũ','0','0984111111','ps3.jpg','TD100015','CT00000016'),
('Nguyễn Thị Ngọc','1','0984111111','ps3.jpg','TD100016','CT00000017'),
('Nguyễn Thị Quỳnh','1','0984111111','ps3.jpg','TD100017','CT00000018'),
('Nguyễn Khôi','0','0984111111','ps3.jpg','TD100018','CT00000019'),
('Nguyễn Thế Luật','0','0984111111','ps3.jpg','TD100019','CT00000020'),
('Nguyễn Văn Nam','0','0984111111','ps3.jpg','TD100020','CT00000021'),
('Nguyễn Thành Đạt','0','0984111111','ps3.jpg','TD100021','CT00000022'),
('Nguyễn Tiến Dũng','0','0984111111','ps3.jpg','TD100022','CT00000023'),
('Nguyễn Thị Lan Anh','1','0984111111','ps3.jpg','TD100023','CT00000024'),
('Võ Thị Ngọc','1','0984111111','ps3.jpg','TD100024','CT00000025'),
('Võ Văn Nam','0','0984111111','ps3.jpg','TD100025','CT00000026'),
('Võ Nhân Quý','0','0984111111','ps3.jpg','TD100026','CT00000027'),
('Võ Tiến Dũng','0','0984111111','ps3.jpg','TD100027','CT00000028'),
('Võ Chí Tôn','0','0984111111','ps3.jpg','TD100028','CT00000029'),
('Võ Thành Tiến','0','0984111111','ps3.jpg','TD100029','CT00000030'),
('Võ Như Nhi','1','0984111111','ps3.jpg','TD100030','CT00000031')

INSERT INTO `corporation`(`id_corp`, `corp_name`, `description`, `image`, `website`, `address`, `corp_field_id`) VALUES 
('CT00000001',
'NGÂN HÀNG TMCP BƯU ĐIỆN LIÊN VIỆT',
'Ngân hàng Thương mại Cổ phần Bưu điện Liên Việt (LienVietPostBank) tiền thân là Ngân hàng Thương mại Cổ phần Liên Việt (LienVietBank) được thành lập theo Giấy phép thành lập và hoạt động số 91/GP-NHNN ngày 28/03/2008 của Thống đốc Ngân hàng Nhà nước Việt Nam.

Cổ đông sáng lập của LienVietPostBank là Công ty Cổ phần Him Lam, Tổng Công ty Thương mại Sài Gòn (SATRA) và Công ty dịch vụ Hàng không sân bay Tân Sơn Nhất (SASCO).

Năm 2011, với việc Tổng Công ty Bưu chính Việt Nam (nay là Tổng Công ty Bưu điện Việt Nam) góp vốn vào LienVietBank bằng giá trị Công ty Dịch vụ Tiết kiệm Bưu điện (VPSC) và bằng tiền mặt, Ngân hàng Liên Việt đã được Thủ tướng Chính phủ và Thống đốc Ngân hàng Nhà nước Việt Nam cho phép đổi tên thành Ngân hàng Thương mại Cổ phần Bưu điện Liên Việt.

Cùng với việc đổi tên này, Tổng Công ty Bưu điện Việt Nam chính thức trở thành Cổ đông lớn nhất của LienVietPostBank.

Hiện nay, với số vốn điều lệ hơn 12.035 tỷ đồng và mạng lưới phủ khắp toàn quốc, LienVietPostBank là một trong các Ngân hàng Thương mại Cổ phần lớn nhất tại Việt Nam.

LienVietPostBank định hướng xây dựng thương hiệu mạnh trên cơ sở phát huy nội lực, hoạt động minh bạch, gắn xã hội trong kinh doanh.',
'lienviet.webp',
'',
'Tầng 05, Thaiholdings Tower, 210 Trần Quang Khải, Hoàn Kiếm, Hà Nội',
'26'),
('CT00000002',
'Ngân Hàng TMCP Việt Nam Thịnh Vượng (VPBank)',
'VPBank tiếp tục theo đuổi mục tiêu khẳng định vị thế của ngân hàng trên thị trường, đó là nằm trong nhóm 5 Ngân hàng TMCP tư nhân và nhóm 3 Ngân hàng TMCP tư nhân bán lẻ hàng đầu về quy mô cho vay khách hàng, huy động khách hàng và lợi nhuận và chú trọng tăng trưởng chất lượng hoạt động.

Những thành quả đạt được trong giai đoạn chuyển đổi vừa qua đã khẳng định chiến lược đúng đắn của VPBank, với những thay đổi tích cực về hình ảnh, chất lượng dịch vụ, tính chuyên nghiệp, v.v. Sự tin cậy của khách hàng đối với VPBank cũng ngày càng củng cố với việc gia tăng liên tục số lượng khách hàng mới và nguồn vốn huy động. Đặc biệt hơn cả là VPBank đang trở thành một địa chỉ thu hút nhân tài trong ngành tài chính ngân hàng. Những yếu tố then chốt này đã, đang, và sẽ trở thành vũ khí chiến lược của VPBank trong hành trình hướng tới mục tiêu trở thành Ngân hàng thân thiện nhất với người tiêu dùng nhờ ứng dụng công nghệ và lọt vào nhóm 3 Ngân hàng giá trị nhất Việt Nam.

Theo bảng xếp hạng được Brand Finance - công ty tư vấn định giá thương hiệu hàng đầu thế giới - công bố đầu tháng 2 vừa qua, thứ hạng thương hiệu của VPBank đã tăng thêm 37 bậc - lên vị trí thứ 243, là ngân hàng TMCP Việt Nam duy nhất lọt vào Top 250 ngân hàng có giá trị nhất toàn cầu, VPBank vào top 5 ngân hàng thương mại uy tín nhất Việt Nam 2020 (Theo Vietnam Report), nhận giải thưởng “Nơi làm việc tốt nhất châu Á” (theo HR Asia)',
'vpbank.png',
'https://www.vpbank.com.vn/ca-nhan',
'89 Láng Hạ, Đống Đa, Hà Nội',
'26'),
('CT00000003',
'CÔNG TY CỔ PHẦN BABYLONS',
'KHÁC BIỆT TẠO THÀNH CÔNG

Babylons là một doanh nghiệp hoạt động trong lĩnh vực giáo dục. Với tâm niệm “giáo dục là vũ khí giúp thay đổi thế giới”, ông Phạm Tuấn Sơn - Giám đốc và là người sáng lập Babylons, cho rằng, để đạt được thành công, thì tư duy chiếm đến 80%, còn lại 20% là kỹ năng, không chỉ với Babylons mà các doanh nghiệp khác muốn thành công thì cũng tương tự như vậy. Đó là điểm khác biệt của Babylons khi xác định hướng đi đầu tư vào lĩnh vực giáo dục. Hoạt động của Babylons tập trung chủ yếu vào việc thúc đẩy phát triển tư duy của các cá nhân, chủ doanh nghiệp, khơi dậy niềm đam mê kinh doanh thực sự trong lòng họ và giúp họ xác định được những hướng đi đúng đắn, thông qua những kiến thức, kinh nghiệm thực tiễn từ các khóa học - hội thảo mang tầm quốc tế do Babylons tổ chức.

Babylons đã hợp tác với nhiều diễn giả uy tín hàng đầu trên thế giới như: Shark Tank Mỹ - Daymond John; Tom Hopkins (huyền thoại bán hàng nước Mỹ); tỷ phú Mark Mobius, Anthony Robbins, Robert Kiyosaki, Jay Abraham… mời họ tham gia vào các khóa đào tạo - hội thảo quốc tế do Babylons tổ chức, để truyền đạt kiến thức, những bài học kinh nghiệm. Những kiến thức, kỹ năng đó gần như không có trong sách vở, mà đều xuất phát từ thực tiễn của chính những con người luôn có xu hướng nhanh nhạy nắm bắt thị trường, từng trải và vượt qua khó khăn, thử thách trên con đường lập nghiệp và họ đã thành công. Đó thực sự là những tri thức quý báu cho các doanh nhân trẻ, các nhà doanh nghiệp của Việt Nam tham khảo và vận dụng trong thời đại hội nhập quốc tế.

Qua 12 năm hoạt động (từ năm 2009), Babylons đã tổ chức thành công hàng nghìn khóa học - hội thảo ở trong và ngoài nước về kinh doanh, đầu tư, quản lý tài chính, với hàng triệu lượt người đã tin tưởng tham gia để tiếp cận các kiến thức, kinh nghiệm dấn thân trên thương trường, từ đó có thể vận dụng phù hợp vào bối cảnh của mình để kinh doanh, lập nghiệp. Tại Việt Nam, hoạt động của Babylons đã được nhiều người biết đến là "Thương hiệu mạnh - Phát triển bền vững", do Liên hiệp Các Hội khoa học và kỹ thuật Việt Nam và Bộ Công Thương vinh danh, bởi Babylons đã nỗ lực ứng dụng khoa học - công nghệ để tạo ra dịch vụ chất lượng, đáp ứng nhu cầu thị trường, mang lại nhiều lợi ích cho khách hàng, nâng cao năng lực cạnh tranh, góp phần vào sự phát triển kinh tế đất nước.

Cá nhân ông Phạm Tuấn Sơn, cũng đã được nhận giải thưởng Doanh nhân/Doanh nghiệp tiêu biểu do Hiệp hội Doanh nghiệp nhỏ và vừa Việt Nam trong Chương trình Tôn vinh doanh nghiệp, doanh nhân đạt thành tích nổi bật về kinh doanh, phát triển ổn định và tích cực tham gia các hoạt động kinh tế - xã hội của đất nước. Đến năm 2019, Babylons tiếp tục lọt vào TOP 10 công ty có sản phẩm dịch vụ chất lượng cao do Hiệp hội Doanh nhân đất Việt trao tặng và Viện Nghiên cứu kinh tế châu Á vinh danh trong TOP 10 thương hiệu xuất sắc - nhà lãnh đạo tiêu biểu thời hội nhập quốc tế.

Đặc biệt, năm 2020 vừa qua, mặc dù đại dịch Covid-19 tác động tiêu cực khiến nhiều doanh nghiệp thuộc nhiều lĩnh vực phải ngừng hoạt động, hoặc giải thể, nhưng Babylons vẫn phát triển là một trong 38 công ty của Việt Nam được nhận Giải thưởng SME100 châu Á - một chương trình đánh giá áp dụng các tiêu chí đánh giá định lượng và định tính, tập trung vào tăng trưởng (doanh thu, lợi nhuận và thị phần) và khả năng vận hành (chất lượng sản phẩm dịch vụ, những phương thức hiệu quả, tính bền vững, ảnh hưởng đến cộng đồng, và tầm nhìn) để xác định và công nhận các doanh nghiệp vừa và nhỏ hoạt động tốt trong khu vực.

Nói về định hướng và tầm nhìn phát triển của Babylons trong ngắn hạn cũng như trong dài hạn, lãnh đạo của Babylons, nhận định: Con đường kinh doanh của Babylons phía trước sẽ vẫn còn đầy những thách thức, khó khăn. Phương châm phát triển của Babylons, là luôn chuẩn bị tốt nhất cho những tình huống xấu nhất trong quá trình phát triển doanh nghiệp của mình, ngay cả khi đạt được những thành công và vinh quang nhất. Với tinh thần không bao giờ ngủ quên trên “Vòng Nguyệt Quế”, lãnh đạo của Babylons tin rằng, Babylons Group sẽ vượt qua được những khó khăn, thách thức phía trước, sẽ tiếp tục khẳng định được tên tuổi, thương hiệu của mình trên thương trường, qua đó góp phần thúc đẩy phát triển khởi nghiệp, kinh doanh, phát triển kinh tế, xã hội của đất nước...

Tầm nhìn của Babylons trong thời gian tới, đã được xác định, đó là tiếp tục đầu tư sâu sắc trong lĩnh vực giáo dục. Lãnh đạo của Babylons, cho biết, tới đây, Babylons không chỉ tổ chức các hoạt động hội thảo - khóa học quốc tế mang tính thực tế cao dành cho người lớn, mà thông qua liên kết với các hệ thống trường học và các tổ chức giáo dục hàng đầu thế giới, Babylons đang xây dựng hệ thống giáo dục quốc tế kết hợp giữa điểm mạnh của giáo dục trong trường học và giáo dục ngoài trường học, giữa học thuật và thực tế… để nuôi dưỡng những thế hệ trẻ Việt Nam phát triển tư duy, kiến thức, kỹ năng mới, giúp họ tự tin sẵn sàng cho hành trình tương lai.',
'babylons.webp',
'http://babylons.com.vn/babylons/en',
'LANDMARK 1, VINHOMES CENTRAL PARK, 208 Nguyễn Hữu Cảnh, P.22, Q.Bình Thạnh',
'14'),
('CT00000004',
'CÔNG TY CỔ PHẦN CÂU LẠC BỘ KỲ NGHỈ VIỆT NAM',
'Vietnam Vacation Club là công ty Quản lý Quỹ Tư vấn, Đầu tư và Phát triển các dự án Timeshares chuyên nghiệp tiên phong tại Việt Nam được đầu tư bởi VPASS Châu Á và các nhà đầu tư uy tín trong lĩnh vực tài chính, ngân hàng và hàng không du lịch.

Timeshare là gì?
Timeshare là hình thức một nhóm người mua chung phần tài sản là bất động sản và địa điểm du lịch với số hạn mức ngày sử dụng nhất định. Khi đó, người mua sẽ trả số tiền tương ứng cùng tiền phí hàng năm cho chủ đầu tư. Trong thời gian đó, người mua có thể làm bất kỳ điều gì với phần tài sản đó, họ có thể du lịch, nghỉ dưỡng hoặc kinh doanh bằng cách cho thuê lại. Thậm chí, nếu không muốn sở hữu họ có thể bán lại cho người khác.
Không chỉ vậy, người sở hữu có quyền trao đổi giữa các tài sản với điều kiện tài sản phải được đăng ký hình thức Timeshare. Ví dụ như chuyển đổi từ resort này sang resort khác trên toàn thế giới với điều kiện resort có mặt trong danh sách Timeshare.
Tại sao Timeshare lại hot ở Việt Nam đến thế?
Các dự án Timeshare tại Việt Nam trong thời gian qua đã tạo ra hơn 23,000 Chủ sở hữu Theo ước tính bình quân Quỹ kỳ nghỉ của các thị trường khác trên thế giới tiềm năng khai thác thị trường Timeshare tại Việt Nam còn khoảng trống hơn 68% tiềm năng thị trường chưa được khai thác. 
Ngày nay, những sản phẩm Timeshare là sự lựa chọn mới mẻ đầy hấp dẫn trong việc tìm kiếm nơi để “trao tim gửi vàng” nếu đem so sánh với các hình thức truyền thống. Một môi trường nghỉ dưỡng riêng tư được thiết kế để thỏa mãn một phương thức du lịch mơ ước trong suốt một đời người. Là một trải nghiệm đáng nhớ mà người Việt không thể bỏ qua.
Cơ hội nghề nghiệp trong Timeshare???
- Mỗi cá nhân cũng sẽ được trải nghiệm nghỉ dưỡng ở nơi sang trọng bao gồm các dịch vụ hội tụ đủ yếu tố “sang- xịn- mịn”.
- Có cơ hội mở rộng mạng lưới xã hội cũng như cá nhân.
- Được đào tạo và rộng mở cơ hội nghề nghiệp bởi các sếp “có tài, có tâm”',
'vietnamvacationclub.webp',
'https://vietnamvacationclub.vn/',
'Tầng 4, Grandeur Palace, 138B Giảng Võ, Ba Đình, Hà Nội',
'31'),
('CT00000005',
'CÔNG TY TNHH TECHWORLD VIỆT NAM',
'Hiện tại, Công ty TNHH TECHWORLD VIỆT NAM (Techworldmobile) đã có tuổi đời hơn 8 năm và đã xây dựng cho mình 1 loạt hệ thống cửa hàng, showroom khang trang, đầy đủ tiện nghi, máy móc để đáp ứng nhu cầu mua sắm ngày càng lớn của người tiêu dùng.

Tính đến thời điểm tháng 5/2021, Hệ thống cửa hàng Techworldmobile đã có 2 showroom lớn tại Hà Nội gồm cơ sở 1: 68 Thái Hà (P.Trung Liệt, Q. Đống Đa) và cơ sở 2: 388 Cầu Giấy (P.Dịch Vọng, Q. Cầu Giấy).

Hệ thống cơ sở vật chất khang trang với đầy đủ kệ hàng, bàn trải nghiệm, hệ thống máy móc phục vụ cho các giao dịch mua bán, trao đổi, sửa chữa…

Không gian cửa hàng rộng rãi, thoáng mát giúp khách hàng thoải mái đến và trải nghiệm lựa chọn sản phẩm ưng ý cho mình mà không lo ngột ngạt, gò bó.',
'techworld.jpg',
'Techworldmobile.vn',
'388 Đường Cầu Giấy,Phường Dịch Vọng,Quận Cầu Giấy,Hà Nội',
'31'),
('CT00000006',
'Công ty TNHH Concentrix Service Vietnam',
'Concentrix là một công ty hàng đầu thế giới của Mỹ trong lĩnh vực dịch vụ chăm sóc khách hàng có mặt ở trên 44 quốc gia với tổng số nhân sự lên tới trên 250.000 nhân viên.

Concentrix Việt Nam luôn đầu tư và nỗ lực nhằm cung cấp môi trường tốt nhất như:

Cơ hội học hỏi & phát triển

Kết nối thường xuyên với nhân viên, tạo môi trường tốt để lắng nghe và tôn trọng tiếng nói nhân viên cũng như giá trị tập thể

Đầy đủ cơ hội phát triển nhân viên

Công nhận sự nỗ lực và sự cống hiến từ các cá nhân và tập thể

Sự khác biệt lớn khi có sự đồng hành tuyệt vời từ đội ngũ nhân viên Concentrix.

Với sứ mệnh luôn chú trọng con người là nhân tố chủ lực, chính điều này đã trở thành một trong các yếu tố quan trọng giúp chúng tôi chiến thắng với giải thưởng cao quý và uy tín "" Công ty có môi trường làm việc tốt nhất Châu Á năm 2020"" – Được bình chọn bởi Tạp chí HR Asia - Là một trong những ấn phẩm hàng đầu Châu Á dành cho Hiệp hội Nhân sự.',
'concentrix.png',
'https://www.concentrix.com/',
'Tòa nhà QTSC 9, Công viên phần mềm Quang Trung, Số 02 Đường Tô Ký, Phường Tân Hưng Thuận, Quận 12, TP. HCM',
'20'),
('CT00000007',
'Công ty Cổ phần Giáo dục & Đào tạo IMAP Việt Nam',
'Công ty CP Giáo dục và Đào tạo IMAP Việt Nam với hệ thống các thương hiệu Anh ngữ Ms Hoa (Tiền thân Ms Hoa TOEIC) Ms Hoa Giao tiếp, IELTS Fighter, Aland English, IMAP Pro, Ms Hoa Junio, Globalway, IMAP Tech đang từng ngày lớn mạnh với hệ thống hơn 50 cơ sở tại Hà Nội, TP HCM, Đà Nẵng, Nghệ An, Bắc Ninh, Bình Dương, Đồng Nai và Hải Phòng với quy mô nhân sự gần 1000 người.

Slogan: Inspiration Messenger - Sứ giả truyền cảm hứng 

Hiện tại do nhu cầu mở rộng, phát triển mạng lưới hệ thống rộng khắp cả nước về ĐÀO TẠO CHUẨN TOEIC, IELTS ĐẦU RA CHO CÁC TẬP ĐOÀN, TỔNG CÔNG TY, đồng thời Phát triển chuỗi hệ thống TIẾNG ANH TRẺ EM, chúng tôi đang cần tuyển nhân sự có đam mê công việc, nhiệt tình và năng động. ',
'imap.png',
'https://imap.edu.vn',
'14 Trần Kim Xuyến, Phường Yên Hoà, Quận Cầu Giấy, Thành phố Hà Nội, Việt Nam',
'14'),
('CT00000008',
'Công ty Cổ Phần Đầu tư Giáo dục Và Phát triển Nguồn Lực Quốc Tế Pasal',
'Tổ chức giáo dục Pasal là nơi hội tụ của những người trẻ chứa đựng khát khao thay đổi tiếng Anh và tư duy của thế hệ trẻ Việt Nam để thành công trên con đường sự nghiệp đầy năng động và thách thức sau này. Họ đã tìm ra “Đam mê” đích thực của mình với sự nghiệp đào tạo tiếng Anh và sẻ chia giá trị cho các bạn Sinh viên Việt Nam với khát vọng to lớn về tương lai của đất nước và hình ảnh con người Việt Nam khắp bốn bể năm châu.

Với môi trường làm việc No Boss_Staff, được trao quyền, mọi người có thể nói lên được suy nghĩ, ý kiến của bản thân.Tại đây chúng tôi hi vọng có thể là nơi đồng hành và phát triển cùng các bạn đồng nghiệp, phát triển về công việc, phát triển về bản thân tiến tới nắm giữ những vị trí chủ chốt của công ty ( GD cơ sở, góp cổ phần...)

Trong năm 2015, Pasal vinh dự là đối tác độc quyền cung cấp hệ thống học hiện đại nhất hiện nay - Effortless English Online. Tiến sĩ AJ.Hoge và Tổ chức đào tạo tiếng Anh giao tiếp Pasal sẽ cùng nhau hợp tác trong các dự án liên quan đến nghiên cứu và phát triển các phương pháp, bài học tài liệu giáo trình học tiếng Anh phù hợp với người Việt Nam. Và trong tương lai gần, không chỉ giới hạn tại Việt Nam, Pasal sẽ trở thành đối tác độc quyền chương trình học mới nhất hiện nay của tiến sĩ AJ.Hoge tại toàn bộ khu vực Đông Nam Á.

Hãy chung tay cùng chúng tôi vì một hình ảnh người trẻ Việt Nam toàn diện!',
'pasal.jpg',
'http://pasal.edu.vn',
'Head Office Số 2, Ngõ 54 Phỗ Vũ Trọng Phụng, Thanh Xuân, Hà Nội.',
'14'),
('CT00000009',
'Công ty CP Đầu tư và Dịch vụ Đất Xanh Miền Nam',
'Đất Xanh Miền Nam được hình thành từ năm 2009, với mục tiêu mang lại cho khách hàng những sản phẩm bất động sản tốt nhất bằng dịch vụ chuyên nghiệp nhất. Trải qua chặng đường hơn 10 năm hình thành và phát triển, ĐXMN đã là đơn vị phân phối bất động sản uy tín hàng đầu tại TP.HCM và ngày càng chuyển mình mạnh mẽ khi chính thức trở thành chủ đầu tư, nhà phát triển dự án uy tín trên thị truờng bất động sản Việt Nam.

Các dự án phát triển của ĐXMN luôn là những dự án góp phần nâng cao giá trị sống của người Việt và đem đến cơ hội đầu tư sinh lợi nhuận cao cho khách hàng, lấy khách hàng làm trọng tâm với những cam kết về chất lượng, sự chuyên nghiệp và tinh thần trách nhiệm trong từng sản phẩm và dịch vụ.

Từ đó đã thổi nên làn gió mới vào thị trường Bất động sản Việt Nam, khởi tạo những giá trị mới cho cổ đông, đối tác và toàn xã hội. Với chiến lược phát triển đa ngành nghề, Đất Xanh Miền Nam chủ trương minh bạch hóa hoạt động kinh doanh, đảm bảo hiệu quả và quyền lợi cổ đông, thu hút đối tác chiến lược.

Với cách làm quyết liệt, sáng tạo và hiệu quả, tôi tin tưởng rằng, ĐXMN sẽ phát triển bền vững trở thành doanh nghiệp uy tín trong lĩnh vực phân phối, đầu tư, kinh doanh và quản lý bất động sản, góp phần nâng cao giá trị sống của người Việt cũng như đem lại lợi ích cho xã hội với những hành động thiết thực chung tay cho cộng đồng.

 TẦM NHÌN

Công ty có vốn hóa chục tỷ đô;

Công ty dịch vụ BĐS số 1 tại khu vực Miền Nam;

Top 5 nhà kinh doanh BĐS tại Việt Nam.

SỨ MỆNH

Cung cấp sản phẩm và dịch vụ ưu việt, nâng cao giá trị cuộc sống cho con người

GIÁ TRỊ CỐT LÕI

Khát vọng - Chuyên nghiệp - Chính trực - Nhân văn

CỘNG ĐỒNG

Gắn kết với cộng đồng, vì cộng đồng và chia sẻ thành công với cộng đồng là những nghĩa cử cao đẹp đã được toàn thể cán bộ, công nhân viên Đất Xanh Miền Nam thực hiện. Mỗi thành viên trong hệ thống Đất Xanh Miền Nam luôn ý thức sâu sắc trách nhiệm gắn bó và chia sẻ với cộng đồng bằng những hành động thiết thực.

Đất Xanh Miền Nam đã tổ chức một Ban công tác xã hội và Qũy từ thiện riêng để kịp thời chung tay chia sẻ khó khăn với những hoàn cảnh kém may mắn, đồng hành cùng các cơ quan đoàn thể mang lại hạnh phúc ấm no cho người dân gặp khó khăn trong cả nước .',
'datxanh.jpg',
'http://www.datxanhmiennam.com.vn',
'27 Đinh Bộ Lĩnh, P.24, Q. Bình Thạnh, TP.HCM',
'6'),
('CT00000010',
'Công ty CP Kinh doanh F88',
'F88 được thành lập năm 2013 với quyết tâm thay đổi định kiến của xã hội đối với ngành nghề cầm đồ truyền thống đã tồn tại lâu đời tại Việt Nam, F88 đi tiên phong tại thị trường Việt Nam với mô hình Hệ thống Cầm đồ Toàn quốc, cung cấp dịch vụ cầm đồ Tin cậy – Nhanh chóng - Thân thiện.

TIN CẬY: F88 sở hữu hệ thống Phòng giao dịch trên toàn quốc, cung cấp dịch vụ tài chính chất lượng cao. 100% Phòng giao dịch của F88 có đăng ký kinh doanh, chứng chỉ phòng cháy chữa cháy và an ninh trật tự, thủ tục cho vay rõ ràng mang lại sự tin cậy cho khách hàng. F88 cung cấp dịch vụ bảo quản tài sản tốt nhất: Toàn bộ tài sản khi cầm đồ tại F88 được niêm phong và cam kết bồi thường 100% giá trị nếu xảy ra cháy, nổ.

NHANH CHÓNG: F88 cung cấp dịch vụ cho vay thế chấp với thủ tục cho vay đơn giản, giải ngân nhanh chóng, dịch vụ tư vấn chuyên nghiệp và tài sản được định giá sát với giá thị trường.

THÂN THIỆN: Tổng đài luôn sẵn sàng tư vấn tài chính miễn phí cho quý khách hàng 7 ngày trong tuần. Đội ngũ nhân viên F88 được đào tạo bài bản, nhiệt tình, chuyên nghiệp, luôn tận tâm phục vụ. Đặc biệt, các cửa hàng của F88 đều có nhân viên nữ, tạo cảm giác thân thiện cho quý khách hàng.',
'f88.webp',
'http://www.f88.vn',
'Tầng M, gian 206 tòa nhà N-01A Golden land 275 Nguyễn Trãi - Thanh Xuân - Hà Nội',
'31'),
('CT00000011',
'Công ty TNHH bảo hiểm nhân thọ Prudential Việt Nam',
'The Gallerie by Prudential tiền thân là một Trung tâm đào tạo và phát triển. Tại đây, chúng tôi đã đào tạo một lực lượng tư vấn viên đạt tiêu chuẩn cho ngành bảo hiểm nhân thọ.

Để thống lĩnh thị trường khách hàng thành thị, năm 2019, The Gallerie có một sự chuyển đổi ngoạn mục khi được Prudential Việt Nam đầu tư, xây dựng thành một kênh phân phối hoàn toàn mới với sứ mệnh đào tạo một thế hệ chuyên viên hoạch định tài chính chuyên nghiệp; một thế hệ cấp quản lý tài năng, lãnh đạo xuất sắc.

Với chương trình Đào Tạo & Phát Triển Doanh nghiệp (EDP) trong 24 tháng, cấp quản lý tiếp tục trở thành thế hệ chủ doanh nghiệp trẻ thành đạt trong lĩnh vực tài chính bảo hiểm.',
'pludential.png',
'Không có',
'Tầng 25, TTTM Sài Gòn, 37 Tôn Đức Thắng, Phường Bến Nghé, Quận 1, TPHCM',
'4'),
('CT00000012',
'CÔNG TY CỔ PHẦN TKSIC',
'TKSIC mang đến những giải pháp mới mẻ, toàn diện và chuyên biệt nhất về đầu tư thông minh, đem lại giá trị bền vững cho khách hàng Chúng tôi hướng đến mục tiêu trở thành công ty chuyên cung cấp các sản phẩm và dịch vụ tài chính có hiệu quả vượt trội và đẳng cấp quốc tế tại thị trường Việt Nam',
'tksic.jfif',
'https://www.tksic.vn/',
'Phòng 10.01, Tầng 10 Tòa nhà MB Sunny, Số 259 Trần Hưng Đạo, P. Cô Giang, Quận 1, Tp. Hồ Chí Minh',
'31'),
('CT00000013',
'Công ty TNHH Sailun Việt Nam',
'Tập Đoàn Sailun được thành lập năm 2002, là công ty lốp xe tư nhân hạng A đầu tiên của Trung Quốc(Mã chứng khoán: 601058), tích hợp nghiên cứu và phát triển, sản xuất, bán hàng và dịch vụ lốp xe, được xây dựng tại Thanh Đảo, Đông Dương, Thẩm Dương và Việt Nam. Có các nhà máy sản xuất lốp xe hiện đại, với mạng lưới bán hàng và trung tâm hậu cần phục vụ Châu Mỹ và Châu Âu ở Canada, Đức và các nơi khác. Sản phẩm bán tốt ở hơn 100 quốc gia và khu vực ở Châu Âu, Châu Mỹ, Châu Á và Châu Phi.

Năm 2019, Tập đoàn Sailun đạt doanh thu khoảng 15,1 tỷ nhân dân tệ, đứng thứ ba trong các công ty lốp xe Trung Quốc và thứ 17 trên thế giới và xuất khẩu lốp radial bán thép đã đi đầu trong ngành công nghiệp lốp xe Trung Quốc trong 6 năm liên tiếp. Tập đoàn Sailun tiếp tục phát triển với tốc độ cao và lợi nhuận ròng năm 2019 tăng khoảng 79% so với cùng kỳ năm ngoái.

Công Ty Sailun Việt Nam được thành lập vào ngày 20 tháng 3 năm 2012. Có diện tích 40 hecta với tổng vốn đầu tư gần 800 triệu đô la. Nằm ở Khu công nghiệp Phước Đông, huyện Gò Dầu, tỉnh Tây Ninh, cách thành phố Hồ Chí Minh 55 km.

Tập đoàn Sailun lấy "Làm một lốp xe tốt" làm sứ mệnh của mình, với tầm nhìn "đạt được sự tự chủ về công nghệ, trí tuệ sản xuất và thương hiệu quốc tế để trở thành một công ty lốp xe có ảnh hưởng trên thế giới" vào năm 2025. Tuân thủ khái niệm nhân văn về "Tín nhiệm là sự tôn trọng tối cao", nhân viên được khuyến khích thể hiện đầy đủ tài năng của mình và nhận ra giá trị của chính họ, đồng thời đóng góp lớn hơn cho doanh nghiệp và xã hội.',
'sailun.png',
'https://www.sailungroup.com/',
'Lô 37-1...41-20a, đường D11, KCN phước Đông, xã Phước Đông, huyện Gò Dầu, tỉnh Tây Ninh',
'8'),
('CT00000014',
'Tập đoàn Giáo dục và Đào tạo Quốc tế Đại Tây Dương (Atlantic Group)',
'ATLANTIC GROUP was founded in 2003. Over the last 19 years, Atlantic Group has been ceaselessly growing and become one of the leading education groups in Vietnam. We have done so by providing the following services:

1. Study Abroad Consultancy: As certified members of VIECA and ICEF, with more than 17 years of experience in the field of international study consultancy. Atlantic Overseas Studies consultancy company has helped students transition to studying in the US, the UK, Australia, New Zealand, Japan, South Korea as well as others. Atlantic Overseas Studies consultancy company has become a prestigious organization in the hearts of parents and students across the country. Atlantic has maintained a strong sub-agent network in 17 cities and provinces in Vietnam and in other countries such as France, South Korea and Japan.

2. In-school Programs: Atlantic began the In-school Supplementary program in 2015 and began the In-school Cambridge International Education and IELTs programs in 2018/19. Placing qualified native English speaking teachers into government-run schools and gifted schools across Vietnam. With many years of experience in the field, Atlantic in-school programs have improved the education of over 30,000 students across 75 schools in Vietnam.

3. Foreign Language Training: Provide Academic English and IELTS exam preparation courses. We opened two Five- Star English Centers in early 2017 at 33 Lac Trung and 125 Hoang Ngan with the highest quality standards for its 5 star teaching, school facilities, 5 technology, customer service and curriculum. Through self-reflection at each stage, Atlantic is determined to give students the best possible experience and education for them to succeed in their futures. This education is not only focused on language and academic skills, but also on the soft, transferable skills that will empower and prepare students for their lives abroad. Atlantic is proud to provide the very best environment for teaching and learning to students from all parts of Vietnamese society.

With our mission of providing international education to Vietnamese students for Vietnam’s future, we actively pursue new talent to join our team',
'atlantic.jpg',
'http://atlanticgroup.vn',
'33 Lac Trung, Hai Ba Trung, Hanoi',
'14'),
('CT00000015',
'Công ty TNHH Elipsport',
'Tập đoàn Elip – Thương hiệu Elipsport là thương hiệu tiên phong trong lĩnh vực Chăm sóc sức khỏe toàn diện tại nhà.

Với hơn 15 năm kinh nghiệm, cùng với mạng lưới hơn 200 cửa hàng phủ đều khắp 63 tỉnh thành trên toàn quốc. Elipsport – bằng sự quan tâm, thấu hiểu của mình… đã mang đến cho hàng triệu khách hàng một tài sản vô cùng quý báu, đó là “Sức khỏe”.

Tại Tập đoàn ELIP, mỗi cá nhân là bộ phận không thể tách rời với bộ phận, lãnh đạo. Doanh nghiệp phấn đấu, mỗi ngày đi làm đều mang lại niềm vui, có như vậy mới có thể phụng sự và mang đến cho khách hàng những điều tuyệt vời nhất.

1. Tầm nhìn

Elipsport không ngừng phấn đấu, tiếp tục giữ vững vị thế thương hiệu tiên phong về thiết bị luyện tập thể thao - chăm sóc sức khỏe tại nhà trong lòng người Việt. Đồng thời, Elipsport phát triển bứt tốc để nhanh chóng khẳng định sức mạnh cạnh tranh tại thị trường Đông Nam Á nói riêng và châu Á nói chung.

2. Sứ mệnh

Vì một Việt Nam tự lực - hùng cường

3. Triết lý kinh doanh

Đặt khách hàng làm trung tâm trong mọi suy nghĩ và hành động của mình.',
'elipsport.jpg',
'https://elipsport.vn/',
'1A Hoàng Trọng Mậu, KDC Him Lam, phường Tân Hưng, Quận 7, TP Hồ Chí Minh',
'34'),
('CT00000016',
'FPT Software',
'Tham gia dự án Logistic ứng viên nhận SIGNING BONUS iPhone 12 pro max

Chia sẻ ngay tới ứng viên của bạn: 5 lý do KHÔNG NÊN BỎ QUA cơ hội làm việc với Digital platforms hàng đầu thế giới!!

1. KHÁCH HÀNG WORLD-CLASS - ĐỨNG TOP THỊ TRƯỜNG TOÀN CẦU VỀ LOGISTICS

Là tập đoàn lớn nhất thế giới trong các lĩnh vực Logistics, Supply Chain, và E-commerce solutions với doanh thu 76 tỉ USD, có 540.000 nhân viên hoạt động toàn cầu, khách hàng lần này của FSOFT là công ty Logistics có hàng tỉ người dùng, có mặt trên hầu hết các nước trên thế giới.

2. ĐỐI TÁC CHUYÊN NGHIỆP, SẢN PHẨM VƯỢT TRỘI

Tham gia dự án này, các bạn sẽ được làm việc với đơn vị phụ trách phát triển các sản phẩm Digital Platformsquy mô toàn cầu tập trung vào 7 lĩnh vực công nghệ: Intelligent Automation (RPA), IoT, API, Data Lake và Data Analytics, Virtual Assistants, và Blockchain. Các sản phẩm phục vụ quy mô toàn cầu đã có từ 4 triệu đến 3 trăm triệu lượt người sử dụng hàng tháng, là ước mơ của ngành Logistics toàn thế giới. Các bạn sẽ có cơ hội làm việc với những sản phẩm digital ở mức độ chuyên nghiệp, hoàn thiện production chứ không còn ở mức thử nghiệm.',
'fptSoftware.webp',
'Không có',
'Đường D1, Khu Công Nghệ Cao, Phường Tân Phú, Quận 9, Thành phố Hồ Chí Minh',
'18'),
('CT00000017',
'CÔNG TY CP CODEGYM VIỆT NAM',
'CodeGym là hệ thống đào tạo lập trình viên hiện đại hàng đầu tại Việt Nam. Chúng tôi phát triển các giải pháp học tập hiện đại và hiệu quả thông qua các mô hình đạo tạo tiên tiến trên nền tảng công nghệ giáo dục. Qua đó, CodeGym giúp người học phát triển tay nghề vững vàng, sẵn sàng làm việc tại các công ty phát triển phần mềm.

Để thực hiện sứ mệnh của mình, CodeGym không ngừng kiếm tìm và xây dựng đội ngũ nhân sự chia sẻ tầm nhìn và những giá trị chung để cùng nhau chinh phục các thử thách.',
'codegym.webp',
'https://codegym.vn/',
'Căn hộ TT01.23 dự án Hải Đăng city, phường Mỹ Đình 2, quận Nam Từ Liêm, thành phố Hà Nội',
'18'),
('CT00000018',
'HVCG Software',
'HVCG Software là đơn vị cung cấp các giải pháp công nghệ hàng đầu tại Việt Nam, HVCG Software là đối tác tin cậy trong các dự án CNTT về lĩnh vực: Chính phủ, Giáo dục, Thuê, Kho bạc, Hải quan, Bảo hiểm, Điện lực, Ngân hàng, Tài chính…',
'hvcg.jpg',
'https://hvcg.vn/vi/',
'170 Bùi Xương Trạch, Phường Khương Đình, Quận Thanh Xuân, Hà Nội',
'18'),
('CT00000019',
'I Can Read',
'Hệ thống I Can Read cung cấp một môi trường giáo dục tiếng Anh chuyên nghiệp được thiết kế dành riêng cho trẻ em từ 2,5 đến 14 tuổi, với phương pháp giảng dạy tập trung tối đa vào việc hỗ trợ khả năng ngôn ngữ của trẻ. Với hơn 140 trung tâm ở 10 quốc gia trên thế giới, hệ thống I Can Read đã đạt được thành tựu thực sự đáng kinh ngạc. Hơn 250.000 học sinh đã hoàn thành chương trình học tại I Can Read.

Có mặt ở Việt Nam từ năm 2012, Trung tâm Anh ngữ cho trẻ em I Can Read hiện là hệ thống duy nhất tại Việt Nam đang sử dụng phương pháp giảng dạy độc quyền “Phonological Awareness”-“Nhận diện ngữ âm học”.',
'icanread.png',
'https://icanread.vn/',
'Thành phố Hồ Chí Minh',
'14'),
('CT00000020',
'Tek Experts Vietnam',
'Tek Experts là một công ty đa quốc gia chuyên về giải pháp phần mềm, cung cấp các dịch vụ hỗ trợ kỹ thuật nhanh chóng và chuyên sâu hàng đầu thế giới.

Vượt qua các rào cản về địa lý, ngôn ngữ và múi giờ, Tek Experts đảm bảo cung cấp dịch vụ hỗ trợ kỹ thuật 24/7 trong suốt 365 ngày cho hai đối tác lớn mang tầm thế giới là Microsoft và Micro Focus.

Trải qua hơn 10 năm kinh nghiệm thực chiến, Tek Experts đã phát triển một mạng lưới rộng rãi và linh hoạt để hỗ trợ khách hàng của mình từ khắp mọi nơi trên thế giới. Đồng thời, chúng tôi đã xây dựng thành công các trung tâm và đội nhóm với chuyên môn cao, đảm bảo dịch vụ nhanh chóng và chất lượng cho khách hàng.

Đặc biệt, Tek Experts có những đội ngũ nhiệt huyết, sáng tạo, luôn cập nhật theo những xu hướng và thay đổi của ngành, từ đó giúp các đối tác đảm bảo được công việc kinh doanh diễn ra thuận lợi, các khách hàng luôn được quan tâm và hỗ trợ kịp thời.

Cho đến hiện tại, chúng tôi đã và đang cung cấp cơ hội việc làm cho hơn 7.000 người tại quốc gia và 4 châu lục khác nhau trên thế giới. Tek Experts luôn coi trọng sự đa dạng văn hóa và giá trị riêng của mỗi cá nhân mang đến cho công ty.',
'tek.png',
'https://www.tek-experts.com/en-us/',
'16 Floor, Lotte Center Lieu Giai building',
'18')

-- INSERT JOB
INSERT INTO `jobs`(`job_name`, `num_of_recruit`, `gender_job`, `corp_id`, `work_address`, `job_description`, `career_id`, `exp_id`, `employer_id`, `province_id`, `level_id`, `way_to_work_id`,`salary_id`,`deadline`) VALUES 
('Công Tác Viên Tổ Chức Sự Kiện',
'10',
'1',
'CT00000003',
'Hồ Chí Minh: TTHN Adora 371 Nguyễn Kiệm, Phường 3, Gò Vấp',
'Mô tả công việc
+ Hỗ trợ hướng dẫn khách hàng, người tham dự trong suốt sự kiện 3 ngày  ( 1 ngày setup, 2 ngày sự kiện) 
+ Tham gia vào quá trình điều phối các hoạt động giữa bộ phận hậu cần, truyền thông… theo yêu cầu.
+ Tiếp nhận thông tin khách hàng trong sự kiện và tư vấn các dịch vụ của công ty.
 

Yêu cầu ứng viên
Đáp ứng đủ thời gian làm việc
Thời gian: 
+ Thứ tư, ngày 21/12/2022 setup: 13h_ 19h30
+ Thứ năm, ngày 22/12/2022 : 6h00_ 19h30
+ Thứ sáu, ngày 23/12/2022:  6h00_ 19h30
+ Đồng phục màu đen ( Full đen) ngày 22- 23/12/2022;
+Tuổi từ 18 đến 23;
+ Nhanh nhẹn, ham học hỏi.
+ Điều kiện bắt buộc làm đủ cả 3 ngày ( 21-22-23/ 12/ 2022)

Quyền lợi
+ Được tham dự chương trình quy mô lớn;
+ Được ăn uống đầy đủ 3 bữa
+ Lương ngày setup 120k; 02 ngày chương trình 250k/ ngày 
 (Nhận lương sau khi kết thúc chương trình);
+ Bonus khi làm tốt công việc được giao;
+ Cơ hội gặp gỡ các diễn giả nổi tiếng hàng đầu trên thế giới;
+ Cơ hội làm việc với đội ngũ nước ngoài;
+ Nâng cao khả năng giao tiếp tiếng anh trong môi trường làm việc chuyên nghiệp.',
'62',
'5',
'TD100002',
'2',
'8',
'2',
'1',
'2023-01-07'),

